pr	model	dtype	diff_elems	max_diff	verdict
6	mobilenet_v2_1.0_224	fp32	1001	2.384e-07	通过
6	mobilenet_v2_1.0_224_quant	uint8	0	0	通过
6	mobilenet_v1_1.0_224	fp32	848	1.160e-11	通过
6	mobilenet_v1_1.0_224_quant	uint8	0	0	通过
3	mobilenet_v2_1.0_224	fp32	1001	1.192e-07	通过
3	mobilenet_v2_1.0_224_quant	uint8	579	3	超阈值
3	mobilenet_v1_1.0_224	fp32	990	1.961e-12	通过
3	mobilenet_v1_1.0_224_quant	uint8	0	0	通过
1	mobilenet_v2_1.0_224	fp32	487	5.355e-09	通过
1	mobilenet_v2_1.0_224_quant	uint8	0	0	通过
1	mobilenet_v1_1.0_224	fp32	882	3.581e-12	通过
1	mobilenet_v1_1.0_224_quant	uint8	0	0	通过
7	mobilenet_v2_1.0_224	fp32	1001	9.579e-01	超阈值
7	mobilenet_v2_1.0_224_quant	uint8	0	0	通过
7	mobilenet_v1_1.0_224	fp32	1001	1.000e+00	超阈值
7	mobilenet_v1_1.0_224_quant	uint8	0	0	通过
4	mobilenet_v2_1.0_224	fp32	1001	1.192e-07	通过
4	mobilenet_v2_1.0_224_quant	uint8	0	0	通过
4	mobilenet_v1_1.0_224	fp32	999	3.865e-12	通过
4	mobilenet_v1_1.0_224_quant	uint8	0	0	通过
2	mobilenet_v2_1.0_224	fp32	1001	2.384e-07	通过
2	mobilenet_v2_1.0_224_quant	uint8	977	159	超阈值
2	mobilenet_v1_1.0_224	fp32	995	5.798e-12	通过
2	mobilenet_v1_1.0_224_quant	uint8	68	255	超阈值
