pr	model	precision	threads	run	avg_ms	p50_ms	extra
6	mobilenet_v2_fp32	fp32	1	1	89.323	89.321	p95=89.667 vmhwm=39040kB
6	mobilenet_v2_fp32	fp32	1	2	89.651	89.649	p95=89.920 vmhwm=39296kB
6	mobilenet_v2_fp32	fp32	1	3	91.059	91.060	p95=91.269 vmhwm=39552kB
6	mobilenet_v2_fp32	fp32	4	1	220.262	225.174	p95=231.397 vmhwm=40660kB
6	mobilenet_v2_fp32	fp32	4	2	219.215	225.208	p95=231.595 vmhwm=40984kB
6	mobilenet_v2_fp32	fp32	4	3	203.111	195.948	p95=231.236 vmhwm=41068kB
6	mobilenet_v2_int8	int8	1	1	157.495	157.495	p95=157.707 vmhwm=14720kB
6	mobilenet_v2_int8	int8	1	2	157.323	157.273	p95=157.625 vmhwm=14464kB
6	mobilenet_v2_int8	int8	1	3	157.351	157.314	p95=157.712 vmhwm=14592kB
6	mobilenet_v2_int8	int8	4	1	62.283	62.277	p95=62.412 vmhwm=14208kB
6	mobilenet_v2_int8	int8	4	2	62.278	62.283	p95=62.373 vmhwm=14592kB
6	mobilenet_v2_int8	int8	4	3	62.282	62.279	p95=62.411 vmhwm=14336kB
6	efficientnet_lite0_int8	int8	1	1	144.657	144.655	p95=144.986 vmhwm=18048kB
6	efficientnet_lite0_int8	int8	1	2	144.705	144.706	p95=145.028 vmhwm=18048kB
6	efficientnet_lite0_int8	int8	1	3	144.993	144.943	p95=145.310 vmhwm=17920kB
6	efficientnet_lite0_int8	int8	4	1	44.798	44.803	p95=44.928 vmhwm=17924kB
6	efficientnet_lite0_int8	int8	4	2	44.715	44.714	p95=44.838 vmhwm=17744kB
6	efficientnet_lite0_int8	int8	4	3	44.677	44.661	p95=44.811 vmhwm=17772kB
6	mobilenet_v1_fp32	fp32	1	1	156.455	156.451	p95=156.643 vmhwm=43904kB
6	mobilenet_v1_fp32	fp32	1	2	181.287	181.312	p95=181.550 vmhwm=43776kB
6	mobilenet_v1_fp32	fp32	1	3	178.161	178.141	p95=178.348 vmhwm=44032kB
6	mobilenet_v1_fp32	fp32	4	1	261.499	257.464	p95=291.478 vmhwm=47508kB
6	mobilenet_v1_fp32	fp32	4	2	259.646	251.832	p95=301.479 vmhwm=47588kB
6	mobilenet_v1_fp32	fp32	4	3	266.298	261.718	p95=309.001 vmhwm=47284kB
6	mobilenet_v1_int8	int8	1	1	219.357	218.120	p95=222.873 vmhwm=15488kB
6	mobilenet_v1_int8	int8	1	2	221.528	221.793	p95=222.471 vmhwm=15616kB
6	mobilenet_v1_int8	int8	1	3	220.622	221.736	p95=223.137 vmhwm=15744kB
6	mobilenet_v1_int8	int8	4	1	90.924	90.946	p95=91.347 vmhwm=15488kB
6	mobilenet_v1_int8	int8	4	2	91.050	91.008	p95=91.875 vmhwm=15360kB
6	mobilenet_v1_int8	int8	4	3	91.092	91.047	p95=91.395 vmhwm=15232kB
6	efficientnet_lite0_fp32	fp32	1	1	116.608	116.609	p95=116.795 vmhwm=47872kB
6	efficientnet_lite0_fp32	fp32	1	2	115.505	115.518	p95=115.663 vmhwm=48000kB
6	efficientnet_lite0_fp32	fp32	1	3	115.983	115.992	p95=116.123 vmhwm=47744kB
6	efficientnet_lite0_fp32	fp32	4	1	246.854	246.623	p95=254.004 vmhwm=50564kB
6	efficientnet_lite0_fp32	fp32	4	2	246.955	245.692	p95=257.700 vmhwm=50292kB
6	efficientnet_lite0_fp32	fp32	4	3	244.769	245.959	p95=256.287 vmhwm=50608kB
2	mobilenet_v2_fp32	fp32	1	1	309.343	309.269	p95=310.114 vmhwm=26112kB
2	mobilenet_v2_fp32	fp32	1	2	308.097	308.034	p95=308.765 vmhwm=25984kB
2	mobilenet_v2_fp32	fp32	1	3	308.910	308.854	p95=309.559 vmhwm=25984kB
2	mobilenet_v2_fp32	fp32	4	1	209.497	210.623	p95=212.576 vmhwm=41364kB
2	mobilenet_v2_fp32	fp32	4	2	212.193	211.776	p95=218.241 vmhwm=41236kB
2	mobilenet_v2_fp32	fp32	4	3	211.422	211.817	p95=217.535 vmhwm=40852kB
2	mobilenet_v2_int8	int8	1	1	632.156	632.033	p95=634.126 vmhwm=11136kB
2	mobilenet_v2_int8	int8	1	2	630.706	630.705	p95=632.024 vmhwm=11008kB
2	mobilenet_v2_int8	int8	1	3	630.900	630.663	p95=633.155 vmhwm=11136kB
2	mobilenet_v2_int8	int8	4	1	137.246	137.312	p95=137.560 vmhwm=10752kB
2	mobilenet_v2_int8	int8	4	2	137.050	137.072	p95=137.412 vmhwm=10752kB
2	mobilenet_v2_int8	int8	4	3	137.012	137.045	p95=137.368 vmhwm=10752kB
2	efficientnet_lite0_int8	int8	1	1	408.283	408.455	p95=410.885 vmhwm=13440kB
2	efficientnet_lite0_int8	int8	1	2	405.665	405.526	p95=407.876 vmhwm=13440kB
2	efficientnet_lite0_int8	int8	1	3	405.259	405.303	p95=407.746 vmhwm=13440kB
2	efficientnet_lite0_int8	int8	4	1	111.653	111.710	p95=111.991 vmhwm=13184kB
2	efficientnet_lite0_int8	int8	4	2	111.675	111.728	p95=111.883 vmhwm=13184kB
2	efficientnet_lite0_int8	int8	4	3	111.730	111.800	p95=112.002 vmhwm=13056kB
2	mobilenet_v1_fp32	fp32	1	1	527.270	527.275	p95=528.437 vmhwm=27776kB
2	mobilenet_v1_fp32	fp32	1	2	525.280	525.159	p95=526.326 vmhwm=27520kB
2	mobilenet_v1_fp32	fp32	1	3	524.904	524.933	p95=525.999 vmhwm=27392kB
2	mobilenet_v1_fp32	fp32	4	1	246.074	242.540	p95=260.507 vmhwm=47344kB
2	mobilenet_v1_fp32	fp32	4	2	252.918	248.673	p95=281.318 vmhwm=47308kB
2	mobilenet_v1_fp32	fp32	4	3	245.122	242.269	p95=263.197 vmhwm=47324kB
2	mobilenet_v1_int8	int8	1	1	570.482	570.334	p95=571.880 vmhwm=11520kB
2	mobilenet_v1_int8	int8	1	2	569.786	569.880	p95=570.789 vmhwm=11392kB
2	mobilenet_v1_int8	int8	1	3	570.210	570.240	p95=571.326 vmhwm=11392kB
2	mobilenet_v1_int8	int8	4	1	130.826	130.841	p95=131.406 vmhwm=10880kB
2	mobilenet_v1_int8	int8	4	2	130.577	130.490	p95=131.236 vmhwm=11008kB
2	mobilenet_v1_int8	int8	4	3	130.527	130.503	p95=131.258 vmhwm=11008kB
2	efficientnet_lite0_fp32	fp32	1	1	393.248	393.323	p95=393.861 vmhwm=30336kB
2	efficientnet_lite0_fp32	fp32	1	2	392.775	392.759	p95=393.527 vmhwm=30336kB
2	efficientnet_lite0_fp32	fp32	1	3	393.845	393.785	p95=394.547 vmhwm=30592kB
2	efficientnet_lite0_fp32	fp32	4	1	230.473	230.219	p95=242.940 vmhwm=45436kB
2	efficientnet_lite0_fp32	fp32	4	2	226.019	229.059	p95=239.736 vmhwm=45292kB
2	efficientnet_lite0_fp32	fp32	4	3	229.962	229.430	p95=239.649 vmhwm=45388kB
1	mobilenet_v2_fp32	fp32	1	1	289.768	289.774	p95=290.219 vmhwm=26620kB
1	mobilenet_v2_fp32	fp32	1	2	289.122	289.135	p95=289.645 vmhwm=26456kB
1	mobilenet_v2_fp32	fp32	1	3	287.068	287.023	p95=287.692 vmhwm=26876kB
1	mobilenet_v2_fp32	fp32	4	1	196.443	197.207	p95=205.321 vmhwm=41496kB
1	mobilenet_v2_fp32	fp32	4	2	223.234	224.339	p95=228.317 vmhwm=41244kB
1	mobilenet_v2_fp32	fp32	4	3	225.111	227.220	p95=231.194 vmhwm=41240kB
1	mobilenet_v2_int8	int8	1	1	370.091	370.034	p95=371.065 vmhwm=11264kB
1	mobilenet_v2_int8	int8	1	2	373.027	373.118	p95=373.604 vmhwm=11392kB
1	mobilenet_v2_int8	int8	1	3	370.060	370.077	p95=371.012 vmhwm=11392kB
1	mobilenet_v2_int8	int8	4	1	113.386	113.461	p95=113.741 vmhwm=11136kB
1	mobilenet_v2_int8	int8	4	2	113.630	113.647	p95=113.781 vmhwm=11136kB
1	mobilenet_v2_int8	int8	4	3	113.843	113.854	p95=114.069 vmhwm=11136kB
1	efficientnet_lite0_int8	int8	1	1	3240.252	3240.109	p95=3242.132 vmhwm=15100kB
1	efficientnet_lite0_int8	int8	1	2	3241.659	3241.647	p95=3242.888 vmhwm=14960kB
1	efficientnet_lite0_int8	int8	1	3	3240.400	3240.351	p95=3241.829 vmhwm=15228kB
1	efficientnet_lite0_int8	int8	4	1	848.361	847.979	p95=851.254 vmhwm=14568kB
1	efficientnet_lite0_int8	int8	4	2	847.983	847.698	p95=849.936 vmhwm=14792kB
1	efficientnet_lite0_int8	int8	4	3	847.572	847.294	p95=848.841 vmhwm=14712kB
1	mobilenet_v1_fp32	fp32	1	1	540.280	540.146	p95=541.212 vmhwm=29704kB
1	mobilenet_v1_fp32	fp32	1	2	530.504	530.698	p95=531.519 vmhwm=29952kB
1	mobilenet_v1_fp32	fp32	1	3	527.655	527.810	p95=528.732 vmhwm=29952kB
1	mobilenet_v1_fp32	fp32	4	1	265.974	257.962	p95=307.815 vmhwm=47368kB
1	mobilenet_v1_fp32	fp32	4	2	256.264	252.239	p95=278.499 vmhwm=47152kB
1	mobilenet_v1_fp32	fp32	4	3	267.769	263.046	p95=308.370 vmhwm=47192kB
1	mobilenet_v1_int8	int8	1	1	364.095	364.004	p95=365.726 vmhwm=11700kB
1	mobilenet_v1_int8	int8	1	2	363.322	363.501	p95=364.547 vmhwm=12084kB
1	mobilenet_v1_int8	int8	1	3	365.519	365.626	p95=367.122 vmhwm=11648kB
1	mobilenet_v1_int8	int8	4	1	100.050	100.022	p95=100.391 vmhwm=11648kB
1	mobilenet_v1_int8	int8	4	2	100.187	100.192	p95=100.436 vmhwm=11648kB
1	mobilenet_v1_int8	int8	4	3	100.580	100.560	p95=100.894 vmhwm=11520kB
1	efficientnet_lite0_fp32	fp32	1	1	360.861	360.882	p95=361.633 vmhwm=31328kB
1	efficientnet_lite0_fp32	fp32	1	2	358.599	358.668	p95=359.186 vmhwm=31456kB
1	efficientnet_lite0_fp32	fp32	1	3	361.075	361.066	p95=361.699 vmhwm=31584kB
1	efficientnet_lite0_fp32	fp32	4	1	242.380	241.830	p95=253.323 vmhwm=45540kB
1	efficientnet_lite0_fp32	fp32	4	2	243.393	242.654	p95=253.465 vmhwm=45312kB
1	efficientnet_lite0_fp32	fp32	4	3	240.309	239.908	p95=251.101 vmhwm=45440kB
7	mobilenet_v2_fp32	fp32	1	1	66.727	66.769	p95=66.990 vmhwm=39168kB
7	mobilenet_v2_fp32	fp32	1	2	67.255	67.271	p95=67.484 vmhwm=39424kB
7	mobilenet_v2_fp32	fp32	1	3	67.476	67.490	p95=67.720 vmhwm=39424kB
7	mobilenet_v2_fp32	fp32	4	1	210.017	209.269	p95=224.051 vmhwm=40948kB
7	mobilenet_v2_fp32	fp32	4	2	208.417	205.904	p95=220.076 vmhwm=41076kB
7	mobilenet_v2_fp32	fp32	4	3	205.291	204.941	p95=216.999 vmhwm=41080kB
7	mobilenet_v2_int8	int8	1	1	76.925	76.878	p95=77.754 vmhwm=14336kB
7	mobilenet_v2_int8	int8	1	2	76.773	76.802	p95=77.724 vmhwm=14464kB
7	mobilenet_v2_int8	int8	1	3	76.467	76.461	p95=77.643 vmhwm=14208kB
7	mobilenet_v2_int8	int8	4	1	20.605	20.587	p95=20.843 vmhwm=14336kB
7	mobilenet_v2_int8	int8	4	2	20.633	20.590	p95=21.011 vmhwm=14464kB
7	mobilenet_v2_int8	int8	4	3	20.662	20.676	p95=20.996 vmhwm=14208kB
7	efficientnet_lite0_int8	int8	1	1	80.587	80.596	p95=80.961 vmhwm=17792kB
7	efficientnet_lite0_int8	int8	1	2	80.900	80.811	p95=81.955 vmhwm=17792kB
7	efficientnet_lite0_int8	int8	1	3	80.573	80.527	p95=81.010 vmhwm=17792kB
7	efficientnet_lite0_int8	int8	4	1	22.278	22.283	p95=22.359 vmhwm=17536kB
7	efficientnet_lite0_int8	int8	4	2	22.123	22.125	p95=22.213 vmhwm=17536kB
7	efficientnet_lite0_int8	int8	4	3	22.272	22.272	p95=22.363 vmhwm=17536kB
7	mobilenet_v1_fp32	fp32	1	1	107.932	107.993	p95=108.256 vmhwm=44032kB
7	mobilenet_v1_fp32	fp32	1	2	106.653	106.585	p95=107.265 vmhwm=43904kB
7	mobilenet_v1_fp32	fp32	1	3	105.547	105.571	p95=105.927 vmhwm=43776kB
7	mobilenet_v1_fp32	fp32	4	1	251.117	244.450	p95=287.032 vmhwm=47252kB
7	mobilenet_v1_fp32	fp32	4	2	255.841	252.548	p95=291.257 vmhwm=47216kB
7	mobilenet_v1_fp32	fp32	4	3	256.508	252.317	p95=298.620 vmhwm=47120kB
7	mobilenet_v1_int8	int8	1	1	97.260	97.125	p95=98.725 vmhwm=15488kB
7	mobilenet_v1_int8	int8	1	2	97.990	98.141	p95=98.903 vmhwm=15488kB
7	mobilenet_v1_int8	int8	1	3	97.069	96.965	p95=98.299 vmhwm=15488kB
7	mobilenet_v1_int8	int8	4	1	25.501	25.450	p95=25.753 vmhwm=15360kB
7	mobilenet_v1_int8	int8	4	2	25.584	25.590	p95=25.785 vmhwm=15360kB
7	mobilenet_v1_int8	int8	4	3	25.742	25.756	p95=25.998 vmhwm=15360kB
7	efficientnet_lite0_fp32	fp32	1	1	92.212	92.196	p95=92.557 vmhwm=42752kB
7	efficientnet_lite0_fp32	fp32	1	2	92.563	92.575	p95=92.928 vmhwm=42752kB
7	efficientnet_lite0_fp32	fp32	1	3	92.837	92.793	p95=93.246 vmhwm=42880kB
7	efficientnet_lite0_fp32	fp32	4	1	245.201	245.606	p95=252.620 vmhwm=45296kB
7	efficientnet_lite0_fp32	fp32	4	2	245.597	244.562	p95=263.731 vmhwm=45276kB
7	efficientnet_lite0_fp32	fp32	4	3	247.813	245.120	p95=260.217 vmhwm=45236kB
3	mobilenet_v2_fp32	fp32	1	1	172.709	172.698	p95=173.158 vmhwm=25856kB
3	mobilenet_v2_fp32	fp32	1	2	172.805	172.787	p95=173.160 vmhwm=25984kB
3	mobilenet_v2_fp32	fp32	1	3	173.602	173.601	p95=173.860 vmhwm=25728kB
3	mobilenet_v2_fp32	fp32	4	1	221.649	223.428	p95=226.605 vmhwm=40952kB
3	mobilenet_v2_fp32	fp32	4	2	222.979	223.415	p95=224.544 vmhwm=40852kB
3	mobilenet_v2_fp32	fp32	4	3	221.213	223.664	p95=226.036 vmhwm=41108kB
3	mobilenet_v2_int8	int8	1	1	187.910	187.844	p95=188.811 vmhwm=10752kB
3	mobilenet_v2_int8	int8	1	2	185.001	184.833	p95=186.267 vmhwm=11008kB
3	mobilenet_v2_int8	int8	1	3	188.300	188.263	p95=188.721 vmhwm=11008kB
3	mobilenet_v2_int8	int8	4	1	51.245	51.241	p95=51.401 vmhwm=10496kB
3	mobilenet_v2_int8	int8	4	2	51.367	51.381	p95=51.509 vmhwm=10752kB
3	mobilenet_v2_int8	int8	4	3	51.195	51.203	p95=51.288 vmhwm=10752kB
3	efficientnet_lite0_int8	int8	1	1	172.969	172.933	p95=173.475 vmhwm=14476kB
3	efficientnet_lite0_int8	int8	1	2	172.542	172.496	p95=173.013 vmhwm=14476kB
3	efficientnet_lite0_int8	int8	1	3	171.993	172.038	p95=172.530 vmhwm=14476kB
3	efficientnet_lite0_int8	int8	4	1	50.503	50.496	p95=50.651 vmhwm=14080kB
3	efficientnet_lite0_int8	int8	4	2	49.916	49.900	p95=50.146 vmhwm=14088kB
3	efficientnet_lite0_int8	int8	4	3	49.777	49.765	p95=50.001 vmhwm=14164kB
3	mobilenet_v1_fp32	fp32	1	1	256.293	256.337	p95=256.971 vmhwm=27392kB
3	mobilenet_v1_fp32	fp32	1	2	257.304	257.322	p95=257.937 vmhwm=27648kB
3	mobilenet_v1_fp32	fp32	1	3	258.508	258.490	p95=259.105 vmhwm=27264kB
3	mobilenet_v1_fp32	fp32	4	1	270.026	262.190	p95=315.738 vmhwm=47128kB
3	mobilenet_v1_fp32	fp32	4	2	277.491	270.539	p95=312.527 vmhwm=47268kB
3	mobilenet_v1_fp32	fp32	4	3	264.421	255.986	p95=300.761 vmhwm=47196kB
3	mobilenet_v1_int8	int8	1	1	238.721	238.699	p95=239.531 vmhwm=11136kB
3	mobilenet_v1_int8	int8	1	2	241.908	242.014	p95=242.343 vmhwm=11392kB
3	mobilenet_v1_int8	int8	1	3	241.981	242.141	p95=242.609 vmhwm=11264kB
3	mobilenet_v1_int8	int8	4	1	63.371	63.383	p95=63.487 vmhwm=11136kB
3	mobilenet_v1_int8	int8	4	2	63.547	63.553	p95=63.648 vmhwm=10880kB
3	mobilenet_v1_int8	int8	4	3	63.185	63.188	p95=63.303 vmhwm=11136kB
3	efficientnet_lite0_fp32	fp32	1	1	208.171	208.117	p95=208.781 vmhwm=30208kB
3	efficientnet_lite0_fp32	fp32	1	2	206.220	206.180	p95=206.670 vmhwm=30464kB
3	efficientnet_lite0_fp32	fp32	1	3	207.690	207.691	p95=208.066 vmhwm=30208kB
3	efficientnet_lite0_fp32	fp32	4	1	245.521	245.711	p95=252.892 vmhwm=45180kB
3	efficientnet_lite0_fp32	fp32	4	2	244.832	244.649	p95=253.504 vmhwm=45180kB
3	efficientnet_lite0_fp32	fp32	4	3	245.436	244.939	p95=252.228 vmhwm=45308kB
4	mobilenet_v2_fp32	fp32	1	1	186.437	186.421	p95=187.024 vmhwm=25728kB
4	mobilenet_v2_fp32	fp32	1	2	188.823	188.787	p95=189.308 vmhwm=25728kB
4	mobilenet_v2_fp32	fp32	1	3	186.149	186.144	p95=186.652 vmhwm=25600kB
4	mobilenet_v2_fp32	fp32	4	1	228.918	218.789	p95=258.799 vmhwm=40704kB
4	mobilenet_v2_fp32	fp32	4	2	208.609	208.251	p95=214.567 vmhwm=41104kB
4	mobilenet_v2_fp32	fp32	4	3	244.635	244.778	p95=250.298 vmhwm=41104kB
4	mobilenet_v2_int8	int8	1	1	514.393	514.126	p95=515.853 vmhwm=10880kB
4	mobilenet_v2_int8	int8	1	2	514.824	514.513	p95=518.639 vmhwm=10752kB
4	mobilenet_v2_int8	int8	1	3	515.232	514.661	p95=519.577 vmhwm=10880kB
4	mobilenet_v2_int8	int8	4	1	134.159	134.173	p95=134.377 vmhwm=10752kB
4	mobilenet_v2_int8	int8	4	2	133.831	133.836	p95=134.120 vmhwm=10496kB
4	mobilenet_v2_int8	int8	4	3	133.617	133.629	p95=133.836 vmhwm=10496kB
4	efficientnet_lite0_int8	int8	1	1	253.474	253.479	p95=254.319 vmhwm=13312kB
4	efficientnet_lite0_int8	int8	1	2	252.822	252.848	p95=253.444 vmhwm=13440kB
4	efficientnet_lite0_int8	int8	1	3	253.622	253.549	p95=254.439 vmhwm=13184kB
4	efficientnet_lite0_int8	int8	4	1	73.830	73.835	p95=73.948 vmhwm=13312kB
4	efficientnet_lite0_int8	int8	4	2	74.023	73.995	p95=74.242 vmhwm=12928kB
4	efficientnet_lite0_int8	int8	4	3	73.897	73.903	p95=74.030 vmhwm=13056kB
4	mobilenet_v1_fp32	fp32	1	1	275.422	275.418	p95=275.877 vmhwm=27392kB
4	mobilenet_v1_fp32	fp32	1	2	273.392	273.358	p95=274.015 vmhwm=27520kB
4	mobilenet_v1_fp32	fp32	1	3	273.881	273.882	p95=274.451 vmhwm=27264kB
4	mobilenet_v1_fp32	fp32	4	1	353.007	355.851	p95=370.521 vmhwm=47132kB
4	mobilenet_v1_fp32	fp32	4	2	356.401	360.873	p95=374.139 vmhwm=47112kB
4	mobilenet_v1_fp32	fp32	4	3	354.061	357.805	p95=372.755 vmhwm=47276kB
4	mobilenet_v1_int8	int8	1	1	476.290	476.092	p95=477.427 vmhwm=11264kB
4	mobilenet_v1_int8	int8	1	2	475.069	474.914	p95=476.889 vmhwm=11136kB
4	mobilenet_v1_int8	int8	1	3	473.755	473.561	p95=476.133 vmhwm=11136kB
4	mobilenet_v1_int8	int8	4	1	125.040	125.044	p95=125.269 vmhwm=10880kB
4	mobilenet_v1_int8	int8	4	2	125.329	125.325	p95=125.549 vmhwm=10880kB
4	mobilenet_v1_int8	int8	4	3	124.961	124.947	p95=125.167 vmhwm=11008kB
4	efficientnet_lite0_fp32	fp32	1	1	234.316	233.887	p95=236.350 vmhwm=29952kB
4	efficientnet_lite0_fp32	fp32	1	2	235.241	235.493	p95=236.678 vmhwm=30336kB
4	efficientnet_lite0_fp32	fp32	1	3	234.722	234.712	p95=236.392 vmhwm=30464kB
4	efficientnet_lite0_fp32	fp32	4	1	262.559	239.478	p95=383.754 vmhwm=44896kB
4	efficientnet_lite0_fp32	fp32	4	2	275.628	239.889	p95=389.821 vmhwm=45304kB
4	efficientnet_lite0_fp32	fp32	4	3	289.336	238.507	p95=389.253 vmhwm=44972kB
