pr	model	precision	images	correct	top1	elapsed_s
6	mobilenet_v2_fp32	fp32	10000	5884	0.588400	1357.9
6	mobilenet_v2_int8	int8	10000	5835	0.583500	1945.2
6	efficientnet_lite0_int8	int8	10000	6157	0.615700	1868.1
6	mobilenet_v1_fp32	fp32	10000	5833	0.583300	2451.4
6	mobilenet_v1_int8	int8	10000	5722	0.572200	2504.5
6	efficientnet_lite0_fp32	fp32	10000	6167	0.616700	1677.9
2	mobilenet_v2_fp32	fp32	10000	5884	0.588400	3637.3
2	mobilenet_v2_int8	int8	10000	10	0.001000	6535.6
2	efficientnet_lite0_int8	int8	10000	6153	0.615300	4324.2
2	mobilenet_v1_fp32	fp32	10000	5833	0.583300	5987.4
2	mobilenet_v1_int8	int8	10000	155	0.015500	7264.1
2	efficientnet_lite0_fp32	fp32	10000	6167	0.616700	5206.7
1	mobilenet_v2_fp32	fp32	10000	5884	0.588400	4652.3
1	mobilenet_v2_int8	int8	10000	5835	0.583500	4727.7
1	efficientnet_lite0_int8	int8	10000	6157	0.615700	32499.9
1	mobilenet_v1_fp32	fp32	10000	5833	0.583300	5311.8
1	mobilenet_v1_int8	int8	10000	5722	0.572200	4596.4
1	efficientnet_lite0_fp32	fp32	10000	6167	0.616700	4565.6
7	mobilenet_v2_fp32	fp32	10000	10	0.001000	1173.3
7	mobilenet_v2_int8	int8	10000	5835	0.583500	1092.8
7	efficientnet_lite0_int8	int8	10000	6157	0.615700	1093.0
7	mobilenet_v1_fp32	fp32	10000	13	0.001300	1160.5
7	mobilenet_v1_int8	int8	10000	5722	0.572200	1092.7
7	efficientnet_lite0_fp32	fp32	10000	11	0.001100	1317.5
3	mobilenet_v2_fp32	fp32	10000	5884	0.588400	1971.7
3	mobilenet_v2_int8	int8	10000	5837	0.583700	2185.6
3	efficientnet_lite0_int8	int8	10000	6155	0.615500	2025.5
3	mobilenet_v1_fp32	fp32	10000	5833	0.583300	2863.9
3	mobilenet_v1_int8	int8	10000	5722	0.572200	3493.0
3	efficientnet_lite0_fp32	fp32	10000	6167	0.616700	3200.1
4	mobilenet_v2_fp32	fp32	10000	5884	0.588400	3274.0
4	mobilenet_v2_int8	int8	10000	5835	0.583500	5364.8
4	efficientnet_lite0_int8	int8	10000	6157	0.615700	3317.4
4	mobilenet_v1_fp32	fp32	10000	5833	0.583300	3234.1
4	mobilenet_v1_int8	int8	10000	5722	0.572200	5169.2
4	efficientnet_lite0_fp32	fp32	10000	6167	0.616700	3206.4
